Workbook

Sheet Candidate WBS
A1: Candidate WBS — AutoLoan-DocIntel Take-Home (2h/day × 14 days = 28h)
A2: Vertical-slice-first. Tiers: MUST (pass floor) · Target (strong) · Stretch (top of pool). Heavy data/infra is author-provided.
A3: WBS | B3: Day | C3: Part | D3: Task | E3: Tier | F3: Depends | G3: Deliverable | H3: Hrs | I3: Cum
A4: 0.1 | B4: D1 | C4: Setup | D4: Setup: clone, docker compose up, pull Ollama models, read API contract / schema / catalog, run stubs end-to-end | E4: — | F4: — | G4: Running stack + orientation | H4: 2 | I4: =SUM($H$4:H4)
A5: 1.1 | B5: D2 | C5: OCR | D5: OCR table detection + deskew/perspective-correct (TATR) on auto-loan forms | E5: MUST | F5: 0.1 | G5: Detected table regions | H5: 2 | I5: =SUM($H$4:H5)
A6: 1.2 | B6: D3 | C6: OCR | D6: OCR structure→grid JSON + cursive handwriting (TrOCR) + multi-page stitch; run ocr-eval | E6: MUST/Stretch | F6: 1.1 | G6: Extractions + TEDS/CER | H6: 2 | I6: =SUM($H$4:H6)
A7: 1.3 | B7: D4 | C7: Integration | D7: Load extractions → Postgres tables + chunk embeddings → pgvector | E7: MUST | F7: 1.2 | G7: Populated DB + vector index | H7: 2 | I7: =SUM($H$4:H7)
A8: 2.1 | B8: D5 | C8: NL2SQL | D8: Schema-linking via OpenMetadata + pgvector → minimal sub-schema | E8: MUST | F8: 1.3 | G8: Sub-schema selector | H8: 2 | I8: =SUM($H$4:H8)
A9: 2.2 | B9: D6 | C9: NL2SQL | D9: Qwen2.5-coder SQL gen + sqlglot validate + read-only execute + repair loop; run sql-eval | E9: MUST | F9: 2.1 | G9: Execution-accuracy report | H9: 2 | I9: =SUM($H$4:H9)
A10: 3.1 | B10: D7 | C10: Orchestration | D10: LangGraph core: router→linker→nl2sql→validator→executor→explainer + Redis checkpointer | E10: MUST | F10: 2.2 | G10: Working SQL graph | H10: 2 | I10: =SUM($H$4:H10)
A11: 4.1 | B11: D8 | C11: RAG | D11: Table-aware chunking + hybrid retrieval (BM25+dense, RRF) + bge-reranker; before/after nDCG; citations | E11: Target | F11: 3.1 | G11: Reranked cited answers | H11: 2 | I11: =SUM($H$4:H11)
A12: 5.1 | B12: D9 | C12: ML | D12: Train LightGBM PD model + SHAP→adverse-action reasons; expose as tool; report AUC | E12: Target | F12: 1.3 | G12: Underwriting scorer tool | H12: 2 | I12: =SUM($H$4:H12)
A13: 3.2 | B13: D10 | C13: Orchestration | D13: Agents breadth: +vector_retriever, reranker, underwriting, aggregator_critic (≥10 nodes wired) | E13: Target | F13: 4.1; 5.1 | G13: ≥10-node graph | H13: 2 | I13: =SUM($H$4:H13)
A14: 6.1 | B14: D11 | C14: App | D14: HTMX wiring: chat console → graph (SSE), document viewer overlay, underwriting panel | E14: Target | F14: 3.2 | G14: Working UI | H14: 2 | I14: =SUM($H$4:H14)
A15: 7.1 | B15: D12 | C15: API | D15: Redis API: contract endpoints, semantic cache, rate-limit, idempotency, Streams ingestion; k6 smoke | E15: Target | F15: 3.2 | G15: Scalable API | H15: 2 | I15: =SUM($H$4:H15)
... A17: 9.1 | B17: D14 | C17: Cross-cut | D17: Security/red-team (injection, secrets, SCA) + ADRs + README + demo + final scorecard | E17: — | F17: all | G17: Submission package | H17: 2 | I17: =SUM($H$4:H17)
G18: TOTAL | H18: =SUM(H4:H17)

Sheet Author Prep WBS
A1: Author Prep WBS — building the challenge pack + grading kit (~2h tasks)
A2: What Aelum does to produce the substrate candidates build on. ~36h total.
A3: ID | B3: Track | C3: Task | D3: Output | E3: Hrs | F3: Cum
A4: A1 | B4: docgen | C4: HTML/Pillow form templates for 3 doc classes (application / verification / policy) | D4: Form templates render | E4: 2 | F4: =SUM($E$4:E4)
A5: A2 | B5: docgen | C5: Rasterize 300 DPI + Albumentations skew/perspective/noise with recorded homography | D5: Distorted PNGs + meta.json | E5: 2 | F5: =SUM($E$4:E5)
A6: A3 | B6: docgen | C6: Cursive handwriting overlay (SIL-OFL fonts) into signature/initial/margin regions | D6: Handwritten layers composited | E6: 2 | F6: =SUM($E$4:E6)
A7: A4 | B7: docgen | C7: Ground-truth emitters: grid-matrix JSON + PubTabNet-style HTML | D7: Table GT per page | E7: 2 | F7: =SUM($E$4:E7)
A8: A5 | B8: docgen | C8: hOCR/ALTO text GT + stitch.json + manifest.jsonl; 80/20 split + leakage guards + SHA256SUMS | D8: Full label set + withheld test | E8: 2 | F8: =SUM($E$4:E8)
A9: A6 | B9: schema | C9: 10 core auto-loan DDL tables hand-authored | D9: db/ddl/10..40_*.sql | E9: 2 | F9: =SUM($E$4:E9)
A10: A7 | B10: schema | C10: Templated dim/history/xref expansion to ≥100 tables / ≥200 cols + count self-check | D10: Full schema | E10: 2 | F10: =SUM($E$4:E10)
A11: A8 | B11: schema | C11: pgvector tables (doc/row embeddings, HNSW) + analytics views (90_views.sql) | D11: Vector schema + views | E11: 2 | F11: =SUM($E$4:E11)
A12: A9 | B12: seed | C12: Faker seed (referentially consistent; 12 docs↔example images) + fixed dump | D12: seed.py + seed_fixed.sql.gz | E12: 2 | F12: =SUM($E$4:E12)
A13: A10 | B13: app | C13: FastAPI shell: factory, config, async SQLAlchemy, structlog JSON + request/correlation middleware | D13: Running skeleton | E13: 2 | F13: =SUM($E$4:E13)
A14: A11 | B14: app | C14: Auth: argon2 + OAuth2 password flow + Postgres-backed session middleware | D14: Login/logout works | E14: 2 | F14: =SUM($E$4:E14)
A15: A12 | B15: app | C15: HTMX templates: login, chat (SSE canned), document viewer, underwriting, catalog | D15: Pages render | E15: 2 | F15: =SUM($E$4:E15)
... A21: A18 | B21: docs | C21: README brief, SUBMISSION.md, license/SHA manifest, clean-machine repro dry-run | D21: Publishable pack | E21: 2 | F21: =SUM($E$4:E21)
D22: TOTAL | E22: =SUM(E4:E21)

Sheet Rubric
A1: Evaluation Rubric — 100 points (pass = 70)
A2: Auto = computed by grading harness (scorecard.json). Manual = reviewer against anchors. Each line scored 0–5, normalized to weight.
A3: Category | B3: Scoring | C3: Points | D3: Anchor / what earns full marks
A4: NL-to-SQL | B4: Auto | C4: 16 | D4: Execution Accuracy (primary), Exact-Set-Match, valid-SQL rate, repair-loop count
A5: OCR extraction | B5: Auto | C5: 14 | D5: TEDS-Struct, GriTS-Top/Con, cell-F1, CER/WER (print vs handwriting), multi-page stitch F1
A6: LangGraph orchestration | B6: Manual | C6: 14 | D6: ≥10 nodes wired, route accuracy, Redis checkpointer, HITL interrupt/resume
A7: RAG + reranker | B7: Auto | C7: 10 | D7: Recall@40/MRR/nDCG@10 before vs after rerank; RAGAS faithfulness >0.70
A8: App: HTMX + auth + sessions + logging | B8: Auto/Manual | C8: 10 | D8: argon2 hashing, Postgres-backed sessions, JSON logs w/ request_id + correlation_id
A9: Redis-scalable API | B9: Auto | C9: 10 | D9: Contract conformance; semantic cache, rate-limit, idempotency, Streams ingestion; k6 SLOs
A10: ML underwriting | B10: Auto | C10: 8 | D10: AUC-ROC, PR-AUC, Brier (calibration), decision-agreement %, SHAP reason codes
A11: Engineering quality | B11: Manual | C11: 8 | D11: Tests (≥60% core), reproducible docker compose, CI, clean structure
A12: SPARQL / ontology (Stretch) | B12: Auto | C12: 4 | D12: Result-set F1 vs gold; valid-query rate over Oxigraph
A13: Security & red-team | B13: Manual | C13: 4 | D13: Prompt-injection defense, no secrets in repo, SCA/supply-chain, PII handling
A14: Docs / ADRs / demo | B14: Manual | C14: 2 | D14: README clarity, ≥3 ADRs explaining 'why', demo walkthrough
A15: TOTAL | C15: =SUM(C4:C14) | D15: Pass threshold: 70 / 100

Sheet Summary
A1: Summary & Rollup
A3: Effort totals
A4: Candidate effort (hrs) | B4: =SUM('Candidate WBS'!H4:H17)
A5: Author prep effort (hrs) | B5: =SUM('Author Prep WBS'!E4:E21)
A6: Candidate calendar (days @2h) | B6: =ROUND(B4/2,0)
A7: Rubric total (pts) | B7: =Rubric!C15
A8: Pass threshold (pts) | B8: 70
A11: Candidate hours by part | D11: Tier targets
A12: Part | B12: Hrs | D12: MUST | E12: OCR baseline (TEDS-Struct ≥0.70); SQL vertical slice ≥60% Exec-Acc; graph runs; auth/session/logging; /chat+/search
A13: Setup | B13: =SUMIF('Candidate WBS'!$C$4:$C$17,A13,'Candidate WBS'!$H$4:$H$17) | D13: Target | E13: RAG+rerank (nDCG lift, RAGAS>0.70); LightGBM AUC; ≥10 nodes; HTMX wired; Redis cache/limit/Streams; k6 @50 RPS
A14: OCR | B14: =SUMIF('Candidate WBS'!$C$4:$C$17,A14,'Candidate WBS'!$H$4:$H$17) | D14: Stretch | E14: SPARQL lane; HITL; policy/compliance; critic retry; full 14-node fan-out; handwriting CER≤0.15; Azure deploy
A15: Integration | B15: =SUMIF('Candidate WBS'!$C$4:$C$17,A15,'Candidate WBS'!$H$4:$H$17)
A16: NL2SQL | B16: =SUMIF('Candidate WBS'!$C$4:$C$17,A16,'Candidate WBS'!$H$4:$H$17)
A17: Orchestration | B17: =SUMIF('Candidate WBS'!$C$4:$C$17,A17,'Candidate WBS'!$H$4:$H$17)
A18: RAG | B18: =SUMIF('Candidate WBS'!$C$4:$C$17,A18,'Candidate WBS'!$H$4:$H$17)
A19: ML | B19: =SUMIF('Candidate WBS'!$C$4:$C$17,A19,'Candidate WBS'!$H$4:$H$17)
A20: App | B20: =SUMIF('Candidate WBS'!$C$4:$C$17,A20,'Candidate WBS'!$H$4:$H$17)
A21: API | B21: =SUMIF('Candidate WBS'!$C$4:$C$17,A21,'Candidate WBS'!$H$4:$H$17)
A22: Stretch | B22: =SUMIF('Candidate WBS'!$C$4:$C$17,A22,'Candidate WBS'!$H$4:$H$17)
A23: Cross-cut | B23: =SUMIF('Candidate WBS'!$C$4:$C$17,A23,'Candidate WBS'!$H$4:$H$17)
A24: TOTAL | B24: =SUM(B13:B23)
