Workbook

Sheet Weekly Status
A1: Consultant Weekly Status — AutoLoan-DocIntel (14-day take-home)
A2: Example rows are shaded — overwrite with your cohort. RAG/Tier are dropdowns; Due & Pass compute. Fill commits from consultant_status.py.
A3: Identity | F3: Week 1 check (Days 1-7) | K3: Week 2 check (Days 8-14) | P3: Final
A4: Consultant | B4: Branch | C4: Start | D4: Due (+14d) | E4: Reviewer | F4: W1 date | G4: W1 RAG | H4: W1 % | I4: W1 commits | J4: W1 notes | K4: W2 date | L4: W2 RAG | M4: W2 % | N4: W2 commits | O4: W2 notes | P4: Tier reached | Q4: Score /100 | R4: Pass? | S4: Recommendation
A5: Alice Okafor | B5: solution/alice | C5: 2026-07-01 | D5: =IF(C5="","",C5+14) | E5: R. Mehta | F5: 2026-07-01 | G5: Green | H5: 1 | I5: 9 | J5: MUST slice done on time | L5: Green | M5: 0.8 | N5: 11 | O5: RAG+underwriting in; API in progress | P5: Target | Q5: 82 | R5: =IF(Q5="","",IF(Q5>=70,"PASS","FAIL")) | S5: Advance — strong senior signal
A6: Bob Nguyen | B6: solution/bob | C6: 2026-07-01 | D6: =IF(C6="","",C6+14) | E6: R. Mehta | F6: 2026-07-01 | G6: Amber | H6: 0.7 | I6: 5 | J6: OCR slow; NL-SQL late | L6: Amber | M6: 0.55 | N6: 6 | O6: RAG blocked; no API yet | P6: MUST | Q6: 68 | R6: =IF(Q6="","",IF(Q6>=70,"PASS","FAIL")) | S6: Borderline — probe in debrief
A7: Chidi Eze | B7: solution/chidi | C7: 2026-07-01 | D7: =IF(C7="","",C7+14) | E7: S. Kaur | F7: 2026-07-01 | G7: Green | H7: 1 | I7: 12 | J7: Ahead of pace | L7: Green | M7: 1 | N7: 15 | O7: Stretch: SPARQL + HITL done | P7: Stretch | Q7: 91 | R7: =IF(Q7="","",IF(Q7>=70,"PASS","FAIL")) | S7: Strong hire
A8: (consultant 1) | D8: =IF(C8="","",C8+14) | R8: =IF(Q8="","",IF(Q8>=70,"PASS","FAIL"))
A9: (consultant 2) | D9: =IF(C9="","",C9+14) | R9: =IF(Q9="","",IF(Q9>=70,"PASS","FAIL"))
A10: (consultant 3) | D10: =IF(C10="","",C10+14) | R10: =IF(Q10="","",IF(Q10>=70,"PASS","FAIL"))
A11: (consultant 4) | D11: =IF(C11="","",C11+14) | R11: =IF(Q11="","",IF(Q11>=70,"PASS","FAIL"))
A12: (consultant 5) | D12: =IF(C12="","",C12+14) | R12: =IF(Q12="","",IF(Q12>=70,"PASS","FAIL"))
A13: (consultant 6) | D13: =IF(C13="","",C13+14) | R13: =IF(Q13="","",IF(Q13>=70,"PASS","FAIL"))

Sheet Milestone Matrix
A1: Milestone Matrix — capability progress per consultant
A2: Status dropdown: Done / WIP / Blocked / Not started. '% done' row computes automatically. Example columns are shaded.
A3: Milestone | B3: Wk | C3: Tier | D3: Alice Okafor | E3: Bob Nguyen | F3: Chidi Eze | G3: (consultant 1) | H3: (consultant 2) | I3: (consultant 3) | J3: (consultant 4) | K3: (consultant 5) | L3: (consultant 6)
A4: Env & stack (compose + seed healthy) | B4: W1 | C4: MUST | D4: Done | E4: Done | F4: Done
A5: OCR extraction (multi-page, skew, handwriting) | B5: W1 | C5: MUST | D5: Done | E5: Done | F5: Done
A6: Load -> Postgres + pgvector | B6: W1 | C6: MUST | D6: Done | E6: Done | F6: Done
A7: NL-to-SQL (schema-link + generate + validate) | B7: W1 | C7: MUST | D7: Done | E7: Done | F7: Done
A8: LangGraph orchestration (>=10 nodes) | B8: W1 | C8: MUST | D8: Done | E8: WIP | F8: Done
A9: RAG + reranker (nDCG lift) | B9: W2 | C9: Target | D9: Done | E9: Blocked | F9: Done
A10: ML underwriting (LightGBM + SHAP, AUC) | B10: W2 | C10: Target | D10: Done | E10: Not started | F10: Done
A11: HTMX app + auth + Postgres sessions + logging | B11: W2 | C11: Target | D11: Done | E11: Done | F11: Done
A12: Redis API (contract, cache, streams, k6) | B12: W2 | C12: Target | D12: WIP | E12: Not started | F12: Done
A13: SPARQL / ontology + HITL | B13: W2 | C13: Stretch | D13: Not started | E13: Not started | F13: Done
A14: Security/red-team + ADRs + demo | B14: W2 | C14: - | D14: WIP | E14: Not started | F14: Done
A15: % Done | D15: =COUNTIF(D4:D14,"Done")/11 | E15: =COUNTIF(E4:E14,"Done")/11 | F15: =COUNTIF(F4:F14,"Done")/11 | G15: =COUNTIF(G4:G14,"Done")/11 | H15: =COUNTIF(H4:H14,"Done")/11 | I15: =COUNTIF(I4:I14,"Done")/11 | J15: =COUNTIF(J4:J14,"Done")/11 | K15: =COUNTIF(K4:K14,"Done")/11 | L15: =COUNTIF(L4:L14,"Done")/11

Sheet Weekly Checklist
A1: Weekly milestones — what 'on track' means
A2: Mirrors challenge-wbs.xlsx. Week 1 clears MUST; Week 2 reaches Target (Stretch = standout).
A3: Week | B3: Days | C3: Expected milestones | D3: Tier
A4: Week 1 | B4: D1-2 | C4: Stack up (compose+seed); OCR detection + deskew | D4: MUST
A5: Week 1 | B5: D3-4 | C5: OCR structure + cursive + stitch; load to Postgres + pgvector | D5: MUST
A6: Week 1 | B6: D5-7 | C6: NL-to-SQL (link+generate+validate+execute); LangGraph SQL slice E2E | D6: MUST
A7: Week 2 | B7: D8-9 | C7: RAG + reranker (nDCG lift); LightGBM underwriting (AUC + reasons) | D7: Target
A8: Week 2 | B8: D10-11 | C8: Agents breadth (>=10 nodes); HTMX chat wired to graph (SSE) | D8: Target
A9: Week 2 | B9: D12 | C9: Redis API: endpoints, cache, rate-limit, idempotency, streams; k6 | D9: Target
A10: Week 2 | B10: D13 | C10: SPARQL lane + HITL + policy/compliance; load-test + tune | D10: Stretch
A11: Week 2 | B11: D14 | C11: Security/red-team, ADRs, README, demo, final scorecard + PR | D11: -

Sheet Dashboard
A1: Cohort Dashboard
A3: Metric | B3: Value
A4: Consultants tracked | B4: =COUNTIF('Weekly Status'!B5:B13,"solution/*")
A5: On track (W2 Green) | B5: =COUNTIF('Weekly Status'!L5:L13,"Green")
A6: At risk (W2 Amber) | B6: =COUNTIF('Weekly Status'!L5:L13,"Amber")
A7: Behind (W2 Red) | B7: =COUNTIF('Weekly Status'!L5:L13,"Red")
A8: Passing (score >= 70) | B8: =COUNTIF('Weekly Status'!Q5:Q13,">=70")
A9: Average score | B9: =IFERROR(ROUND(AVERAGE('Weekly Status'!Q5:Q13),1),"-")
A10: Reached Stretch | B10: =COUNTIF('Weekly Status'!P5:P13,"Stretch")
A13: W2 status | B13: Count
A14: Green | B14: =COUNTIF('Weekly Status'!L5:L13,"Green")
A15: Amber | B15: =COUNTIF('Weekly Status'!L5:L13,"Amber")
A16: Red | B16: =COUNTIF('Weekly Status'!L5:L13,"Red")

Sheet How to use
A1: How to use this tracker
A3: This workbook ships with 3 EXAMPLE consultants (shaded rows/columns) so you can see it populated.
A4: Delete or overwrite them with your real cohort.
A6: WEEKLY (twice, end of each week):
A7: 1. From the repo root: git fetch --all --prune
A8: 2. Auto-pull activity: python grading-kit/harness/consultant_status.py --start <cohort-start> --csv status.csv
A9: -> Week-1 vs Week-2 commits, ahead count, last activity, PR+CI, and a grading-kit tamper flag.
A10: 3. 'Weekly Status' tab: one row per consultant. Paste commit counts; set W1/W2 RAG (Green/Amber/Red),
A11: % complete, and notes. 'Due' and 'Pass?' compute automatically.
A12: 4. 'Milestone Matrix' tab: set each capability to Done / WIP / Blocked / Not started per consultant.
A13: The '% Done' row and the cell colours update automatically. This is the granular progress view.
A14: 5. 'Weekly Checklist' tab tells you what 'on track' means each week (Week 1 = MUST, Week 2 = Target+).
... A19: 8. 'Dashboard' rolls up the cohort (on-track / at-risk / behind, passing, average score).
